/*
SQLyog Ultimate v12.5.1 (64 bit)
MySQL - 10.1.19-MariaDB : Database - dbmatraman
*********************************************************************
*/

/*!40101 SET NAMES utf8 */;

/*!40101 SET SQL_MODE=''*/;

/*!40014 SET @OLD_UNIQUE_CHECKS=@@UNIQUE_CHECKS, UNIQUE_CHECKS=0 */;
/*!40014 SET @OLD_FOREIGN_KEY_CHECKS=@@FOREIGN_KEY_CHECKS, FOREIGN_KEY_CHECKS=0 */;
/*!40101 SET @OLD_SQL_MODE=@@SQL_MODE, SQL_MODE='NO_AUTO_VALUE_ON_ZERO' */;
/*!40111 SET @OLD_SQL_NOTES=@@SQL_NOTES, SQL_NOTES=0 */;
CREATE DATABASE /*!32312 IF NOT EXISTS*/`dbmatraman` /*!40100 DEFAULT CHARACTER SET latin1 */;

USE `dbmatraman`;

/*Data for the table `antrian` */

insert  into `antrian`(`id`,`no_antrian`,`poli`,`tanggal`) values 
(1,1,'Poli-Psikiatri.mp3','2022-10-31'),
(2,1,'Poli-Gizi.mp3','2022-10-31'),
(3,2,'Poli-Gizi.mp3','2022-10-31'),
(4,1,'Poli-PKPR.mp3','2022-10-31');

/*Data for the table `antrian_farmasi` */

insert  into `antrian_farmasi`(`id`,`no_antrian`,`tanggal`,`panggil`,`created_at`) values 
(1,1,'2022-12-22','1','2022-12-22 14:25:17'),
(2,2,'2022-12-22','0','2022-12-22 14:25:22'),
(3,3,'2022-12-22','0','2022-12-22 14:25:36'),
(4,4,'2022-12-22','0','2022-12-22 14:25:53'),
(5,5,'2022-12-22','0','2022-12-22 14:33:40'),
(6,6,'2022-12-22','0','2022-12-22 14:33:47'),
(7,7,'2022-12-22','0','2022-12-22 14:33:54'),
(8,8,'2022-12-22','0','2022-12-22 14:34:22'),
(9,9,'2022-12-22','0','2022-12-22 14:34:31'),
(10,10,'2022-12-22','0','2022-12-22 14:34:37'),
(11,11,'2022-12-22','0','2022-12-22 14:39:57'),
(12,12,'2022-12-22','0','2022-12-22 14:43:13'),
(13,13,'2022-12-22','0','2022-12-22 15:15:29'),
(14,1,'2022-12-23','1','2022-12-23 07:35:59'),
(15,2,'2022-12-23','1','2022-12-23 07:45:43'),
(16,3,'2022-12-23','1','2022-12-23 07:46:00'),
(17,4,'2022-12-23','1','2022-12-23 08:07:44'),
(18,5,'2022-12-23','0','2022-12-23 08:08:33'),
(19,6,'2022-12-23','0','2022-12-23 08:11:27'),
(20,7,'2022-12-23','0','2022-12-23 08:21:57'),
(21,8,'2022-12-23','0','2022-12-23 08:22:46'),
(22,9,'2022-12-23','0','2022-12-23 08:29:01'),
(23,10,'2022-12-23','0','2022-12-23 08:29:28'),
(24,11,'2022-12-23','0','2022-12-23 08:52:02'),
(25,12,'2022-12-23','0','2022-12-23 08:52:23'),
(26,13,'2022-12-23','0','2022-12-23 08:56:44'),
(27,14,'2022-12-23','0','2022-12-23 09:07:26'),
(28,15,'2022-12-23','0','2022-12-23 09:07:58'),
(29,16,'2022-12-23','0','2022-12-23 09:09:08'),
(30,17,'2022-12-23','0','2022-12-23 09:09:43'),
(31,18,'2022-12-23','0','2022-12-23 09:10:03'),
(32,19,'2022-12-23','0','2022-12-23 09:10:42'),
(33,20,'2022-12-23','0','2022-12-23 09:18:39'),
(34,21,'2022-12-23','0','2022-12-23 09:23:32'),
(35,22,'2022-12-23','0','2022-12-23 09:24:24'),
(36,23,'2022-12-23','0','2022-12-23 09:24:42'),
(37,24,'2022-12-23','0','2022-12-23 09:25:18'),
(38,25,'2022-12-23','0','2022-12-23 09:26:08'),
(39,26,'2022-12-23','0','2022-12-23 09:27:50'),
(40,27,'2022-12-23','0','2022-12-23 09:29:02'),
(41,28,'2022-12-23','0','2022-12-23 09:31:06'),
(42,29,'2022-12-23','0','2022-12-23 09:31:23'),
(43,30,'2022-12-23','0','2022-12-23 09:34:38'),
(44,31,'2022-12-23','0','2022-12-23 09:34:59'),
(45,32,'2022-12-23','0','2022-12-23 09:37:03'),
(46,33,'2022-12-23','0','2022-12-23 09:37:23'),
(47,34,'2022-12-23','0','2022-12-23 09:38:15'),
(48,35,'2022-12-23','0','2022-12-23 09:44:52'),
(49,36,'2022-12-23','0','2022-12-23 09:47:33'),
(50,37,'2022-12-23','0','2022-12-23 09:49:06'),
(51,38,'2022-12-23','0','2022-12-23 09:50:04'),
(52,39,'2022-12-23','0','2022-12-23 10:05:17'),
(53,40,'2022-12-23','0','2022-12-23 10:05:34'),
(54,1,'2022-12-26','0','2022-12-26 09:38:04'),
(55,2,'2022-12-26','0','2022-12-26 09:38:27'),
(56,3,'2022-12-26','0','2022-12-26 09:41:28'),
(68,1,'2022-12-27','1','2022-12-27 11:52:18'),
(69,2,'2022-12-27','1','2022-12-27 11:52:22'),
(70,3,'2022-12-27','1','2022-12-27 12:42:58'),
(71,4,'2022-12-27','1','2022-12-27 12:43:42'),
(72,5,'2022-12-27','1','2022-12-27 12:43:48'),
(73,6,'2022-12-27','1','2022-12-27 12:45:19'),
(74,7,'2022-12-27','1','2022-12-27 12:45:22'),
(75,8,'2022-12-27','1','2022-12-27 12:47:27'),
(76,9,'2022-12-27','1','2022-12-27 12:48:46'),
(77,10,'2022-12-27','1','2022-12-27 12:56:41'),
(78,11,'2022-12-27','1','2022-12-27 12:56:44'),
(79,12,'2022-12-27','1','2022-12-27 13:07:08'),
(80,13,'2022-12-27','1','2022-12-27 13:09:00'),
(81,14,'2022-12-27','1','2022-12-27 13:09:07'),
(82,15,'2022-12-27','1','2022-12-27 13:09:14'),
(83,16,'2022-12-27','1','2022-12-27 13:23:27'),
(84,17,'2022-12-27','1','2022-12-27 13:29:12'),
(85,18,'2022-12-27','1','2022-12-27 13:29:17'),
(86,19,'2022-12-27','1','2022-12-27 13:29:41'),
(87,20,'2022-12-27','1','2022-12-27 13:30:04'),
(88,21,'2022-12-27','0','2022-12-27 14:15:45'),
(89,22,'2022-12-27','0','2022-12-27 14:15:48'),
(90,1,'2022-12-28','1','2022-12-28 07:14:51'),
(91,2,'2022-12-28','1','2022-12-28 07:14:56'),
(92,3,'2022-12-28','1','2022-12-28 07:15:00'),
(93,4,'2022-12-28','1','2022-12-28 08:00:42'),
(94,5,'2022-12-28','1','2022-12-28 08:02:22'),
(95,6,'2022-12-28','1','2022-12-28 08:03:30'),
(96,7,'2022-12-28','1','2022-12-28 08:03:47'),
(97,8,'2022-12-28','1','2022-12-28 08:05:51'),
(98,9,'2022-12-28','1','2022-12-28 08:05:57'),
(99,10,'2022-12-28','1','2022-12-28 08:11:01'),
(100,11,'2022-12-28','1','2022-12-28 08:11:05'),
(101,12,'2022-12-28','1','2022-12-28 08:11:21'),
(102,13,'2022-12-28','1','2022-12-28 08:14:59'),
(103,14,'2022-12-28','1','2022-12-28 08:15:08'),
(104,15,'2022-12-28','1','2022-12-28 08:15:43'),
(105,16,'2022-12-28','1','2022-12-28 08:15:49'),
(106,17,'2022-12-28','1','2022-12-28 09:20:58'),
(107,18,'2022-12-28','1','2022-12-28 09:21:11'),
(108,19,'2022-12-28','1','2022-12-28 09:21:53'),
(109,20,'2022-12-28','1','2022-12-28 09:22:58'),
(110,21,'2022-12-28','1','2022-12-28 09:25:30'),
(111,22,'2022-12-28','1','2022-12-28 09:26:02'),
(112,23,'2022-12-28','1','2022-12-28 09:26:14'),
(113,24,'2022-12-28','1','2022-12-28 09:27:34'),
(114,25,'2022-12-28','1','2022-12-28 09:27:40'),
(115,26,'2022-12-28','1','2022-12-28 09:28:14'),
(116,27,'2022-12-28','1','2022-12-28 09:28:33'),
(117,28,'2022-12-28','1','2022-12-28 09:35:05'),
(118,29,'2022-12-28','1','2022-12-28 09:36:07'),
(119,30,'2022-12-28','1','2022-12-28 09:36:32'),
(120,31,'2022-12-28','1','2022-12-28 09:37:35'),
(121,32,'2022-12-28','1','2022-12-28 09:38:39'),
(122,33,'2022-12-28','1','2022-12-28 09:39:21'),
(123,34,'2022-12-28','1','2022-12-28 09:41:55'),
(124,35,'2022-12-28','1','2022-12-28 09:48:24'),
(125,36,'2022-12-28','1','2022-12-28 09:51:06'),
(126,37,'2022-12-28','0','2022-12-28 10:00:43'),
(127,38,'2022-12-28','0','2022-12-28 10:01:40'),
(128,39,'2022-12-28','0','2022-12-28 10:10:12'),
(129,40,'2022-12-28','0','2022-12-28 10:10:45'),
(130,41,'2022-12-28','0','2022-12-28 10:14:06'),
(131,42,'2022-12-28','0','2022-12-28 10:15:14'),
(132,43,'2022-12-28','0','2022-12-28 10:15:35'),
(133,44,'2022-12-28','0','2022-12-28 10:17:25'),
(134,45,'2022-12-28','0','2022-12-28 10:17:53'),
(135,46,'2022-12-28','0','2022-12-28 10:24:47'),
(136,47,'2022-12-28','0','2022-12-28 15:28:52'),
(137,48,'2022-12-28','0','2022-12-28 15:29:02'),
(138,49,'2022-12-28','0','2022-12-28 15:29:08'),
(139,50,'2022-12-28','0','2022-12-28 15:47:07'),
(140,51,'2022-12-28','0','2022-12-28 15:48:02'),
(141,52,'2022-12-28','0','2022-12-28 15:49:14'),
(142,53,'2022-12-28','0','2022-12-28 15:49:23'),
(143,54,'2022-12-28','0','2022-12-28 15:49:54'),
(144,55,'2022-12-28','0','2022-12-28 15:53:42'),
(145,56,'2022-12-28','0','2022-12-28 15:59:55'),
(146,57,'2022-12-28','0','2022-12-28 16:00:02'),
(147,58,'2022-12-28','0','2022-12-28 16:00:07'),
(148,59,'2022-12-28','0','2022-12-28 16:00:17'),
(149,60,'2022-12-28','0','2022-12-28 16:01:00'),
(150,61,'2022-12-28','0','2022-12-28 16:01:34'),
(151,62,'2022-12-28','0','2022-12-28 16:06:52'),
(152,63,'2022-12-28','0','2022-12-28 16:09:27'),
(153,1,'2022-12-29','1','2022-12-29 10:41:05'),
(154,2,'2022-12-29','0','2022-12-29 10:53:17'),
(155,3,'2022-12-29','0','2022-12-29 11:10:40'),
(156,4,'2022-12-29','0','2022-12-29 11:25:54'),
(157,5,'2022-12-29','0','2022-12-29 11:26:38'),
(158,6,'2022-12-29','0','2022-12-29 11:39:49'),
(159,7,'2022-12-29','0','2022-12-29 11:40:36'),
(160,8,'2022-12-29','0','2022-12-29 11:40:56'),
(161,9,'2022-12-29','0','2022-12-29 11:42:11'),
(162,10,'2022-12-29','0','2022-12-29 11:42:24'),
(163,11,'2022-12-29','0','2022-12-29 11:44:07'),
(164,12,'2022-12-29','0','2022-12-29 11:44:10'),
(165,13,'2022-12-29','0','2022-12-29 11:44:16'),
(166,14,'2022-12-29','0','2022-12-29 11:44:28'),
(167,15,'2022-12-29','0','2022-12-29 11:44:41'),
(168,16,'2022-12-29','0','2022-12-29 11:44:55'),
(169,17,'2022-12-29','0','2022-12-29 11:44:55'),
(170,18,'2022-12-29','0','2022-12-29 13:15:03'),
(171,19,'2022-12-29','0','2022-12-29 13:15:04'),
(172,20,'2022-12-29','0','2022-12-29 13:23:37'),
(173,21,'2022-12-29','0','2022-12-29 13:24:03'),
(174,22,'2022-12-29','0','2022-12-29 13:24:21'),
(175,23,'2022-12-29','0','2022-12-29 13:29:00'),
(176,24,'2022-12-29','0','2022-12-29 13:29:08'),
(177,25,'2022-12-29','0','2022-12-29 13:29:36'),
(178,26,'2022-12-29','0','2022-12-29 13:29:36'),
(179,27,'2022-12-29','0','2022-12-29 13:29:46'),
(180,28,'2022-12-29','0','2022-12-29 13:32:53'),
(181,29,'2022-12-29','0','2022-12-29 13:33:08'),
(182,30,'2022-12-29','0','2022-12-29 13:33:08'),
(183,31,'2022-12-29','0','2022-12-29 13:38:34'),
(184,32,'2022-12-29','0','2022-12-29 13:38:36'),
(185,33,'2022-12-29','0','2022-12-29 13:41:10'),
(186,34,'2022-12-29','0','2022-12-29 13:41:16'),
(187,35,'2022-12-29','0','2022-12-29 13:41:22'),
(188,36,'2022-12-29','0','2022-12-29 13:41:25'),
(189,37,'2022-12-29','0','2022-12-29 13:42:06'),
(190,38,'2022-12-29','0','2022-12-29 13:42:21'),
(191,39,'2022-12-29','0','2022-12-29 13:42:48'),
(192,40,'2022-12-29','0','2022-12-29 13:43:27'),
(193,41,'2022-12-29','0','2022-12-29 13:45:18'),
(194,42,'2022-12-29','0','2022-12-29 13:46:01'),
(195,43,'2022-12-29','0','2022-12-29 13:47:04'),
(196,44,'2022-12-29','0','2022-12-29 13:47:41'),
(197,45,'2022-12-29','0','2022-12-29 13:51:33'),
(198,46,'2022-12-29','0','2022-12-29 13:52:51'),
(199,47,'2022-12-29','0','2022-12-29 13:53:14'),
(200,48,'2022-12-29','0','2022-12-29 13:53:45'),
(201,49,'2022-12-29','0','2022-12-29 13:54:01'),
(202,50,'2022-12-29','0','2022-12-29 13:55:40'),
(203,51,'2022-12-29','0','2022-12-29 13:57:33'),
(204,52,'2022-12-29','0','2022-12-29 14:00:33'),
(205,53,'2022-12-29','0','2022-12-29 14:01:07'),
(206,54,'2022-12-29','0','2022-12-29 14:04:35'),
(207,55,'2022-12-29','0','2022-12-29 14:19:11'),
(208,56,'2022-12-29','0','2022-12-29 14:35:01'),
(209,57,'2022-12-29','0','2022-12-29 14:35:09'),
(210,1,'2022-12-30','0','2022-12-30 07:25:22'),
(211,2,'2022-12-30','0','2022-12-30 07:28:56'),
(212,3,'2022-12-30','0','2022-12-30 08:03:20'),
(213,4,'2022-12-30','0','2022-12-30 08:04:07'),
(214,5,'2022-12-30','0','2022-12-30 08:04:23'),
(215,6,'2022-12-30','0','2022-12-30 08:06:28'),
(216,7,'2022-12-30','0','2022-12-30 08:17:51'),
(217,8,'2022-12-30','0','2022-12-30 08:23:07'),
(218,9,'2022-12-30','0','2022-12-30 08:24:07'),
(219,10,'2022-12-30','0','2022-12-30 08:24:10'),
(220,11,'2022-12-30','0','2022-12-30 08:28:37'),
(221,12,'2022-12-30','0','2022-12-30 08:28:42'),
(222,13,'2022-12-30','0','2022-12-30 08:29:39'),
(223,14,'2022-12-30','0','2022-12-30 08:30:13'),
(224,15,'2022-12-30','0','2022-12-30 08:30:24'),
(225,16,'2022-12-30','0','2022-12-30 08:31:02'),
(226,17,'2022-12-30','0','2022-12-30 08:49:09'),
(227,18,'2022-12-30','0','2022-12-30 08:49:35'),
(228,19,'2022-12-30','0','2022-12-30 08:50:59'),
(229,20,'2022-12-30','0','2022-12-30 08:58:53'),
(230,21,'2022-12-30','0','2022-12-30 09:12:33'),
(231,22,'2022-12-30','0','2022-12-30 09:13:10'),
(232,23,'2022-12-30','0','2022-12-30 09:20:39'),
(233,24,'2022-12-30','0','2022-12-30 09:39:42'),
(234,25,'2022-12-30','0','2022-12-30 09:42:27'),
(235,26,'2022-12-30','0','2022-12-30 09:53:07'),
(236,27,'2022-12-30','0','2022-12-30 09:54:59'),
(237,28,'2022-12-30','0','2022-12-30 09:55:25'),
(238,29,'2022-12-30','0','2022-12-30 11:18:25'),
(239,30,'2022-12-30','0','2022-12-30 13:37:22'),
(240,31,'2022-12-30','0','2022-12-30 13:37:56'),
(241,32,'2022-12-30','0','2022-12-30 13:37:58'),
(242,33,'2022-12-30','0','2022-12-30 13:38:23'),
(243,34,'2022-12-30','0','2022-12-30 13:38:25'),
(244,35,'2022-12-30','0','2022-12-30 13:40:07'),
(245,36,'2022-12-30','0','2022-12-30 13:40:17'),
(246,37,'2022-12-30','0','2022-12-30 13:40:46'),
(247,38,'2022-12-30','0','2022-12-30 13:40:48'),
(248,39,'2022-12-30','0','2022-12-30 13:41:01'),
(249,40,'2022-12-30','0','2022-12-30 13:41:04'),
(250,41,'2022-12-30','0','2022-12-30 13:49:56'),
(251,42,'2022-12-30','0','2022-12-30 13:50:26'),
(252,43,'2022-12-30','0','2022-12-30 13:51:11'),
(253,44,'2022-12-30','0','2022-12-30 13:53:37'),
(254,1,'2023-01-02','0','2023-01-02 11:18:48'),
(255,2,'2023-01-02','0','2023-01-02 11:19:43'),
(256,3,'2023-01-02','0','2023-01-02 11:20:06'),
(257,4,'2023-01-02','0','2023-01-02 11:25:03'),
(258,5,'2023-01-02','0','2023-01-02 11:25:30'),
(259,6,'2023-01-02','0','2023-01-02 11:52:49'),
(260,7,'2023-01-02','0','2023-01-02 11:53:19'),
(261,8,'2023-01-02','0','2023-01-02 11:54:18'),
(262,9,'2023-01-02','0','2023-01-02 12:51:51'),
(263,10,'2023-01-02','0','2023-01-02 12:52:14'),
(264,11,'2023-01-02','0','2023-01-02 12:57:45'),
(265,12,'2023-01-02','0','2023-01-02 13:02:02'),
(266,13,'2023-01-02','0','2023-01-02 15:27:41'),
(267,14,'2023-01-02','0','2023-01-02 15:28:13'),
(268,15,'2023-01-02','0','2023-01-02 15:29:08'),
(269,16,'2023-01-02','0','2023-01-02 15:43:43'),
(270,17,'2023-01-02','0','2023-01-02 15:45:17'),
(271,18,'2023-01-02','0','2023-01-02 15:45:55'),
(272,19,'2023-01-02','0','2023-01-02 15:47:59'),
(273,20,'2023-01-02','0','2023-01-02 15:48:31'),
(274,21,'2023-01-02','0','2023-01-02 15:56:44'),
(300,1,'2023-01-03','1','2023-01-03 14:13:10'),
(301,2,'2023-01-03','1','2023-01-03 14:17:03'),
(302,3,'2023-01-03','1','2023-01-03 14:17:42'),
(303,4,'2023-01-03','1','2023-01-03 14:18:07'),
(304,5,'2023-01-03','0','2023-01-03 14:18:54'),
(305,6,'2023-01-03','0','2023-01-03 14:19:10'),
(306,7,'2023-01-03','0','2023-01-03 14:19:24'),
(307,8,'2023-01-03','0','2023-01-03 14:19:41'),
(308,9,'2023-01-03','0','2023-01-03 14:20:03'),
(309,10,'2023-01-03','0','2023-01-03 14:20:18'),
(310,11,'2023-01-03','0','2023-01-03 15:36:10'),
(311,12,'2023-01-03','0','2023-01-03 16:10:08'),
(312,13,'2023-01-03','0','2023-01-03 16:10:44'),
(313,14,'2023-01-03','0','2023-01-03 16:10:53'),
(314,15,'2023-01-03','0','2023-01-03 16:12:02'),
(315,16,'2023-01-03','0','2023-01-03 16:12:20'),
(316,17,'2023-01-03','0','2023-01-03 16:13:27'),
(317,1,'2023-01-04','0','2023-01-04 07:46:20'),
(318,2,'2023-01-04','0','2023-01-04 07:46:41'),
(319,1,'2023-01-26','0','2023-01-26 15:35:04'),
(320,1,'2023-01-27','1','2023-01-27 08:24:37'),
(321,2,'2023-01-27','0','2023-01-27 08:24:43'),
(322,1,'2023-02-02','0','2023-02-02 15:08:11'),
(323,2,'2023-02-02','0','2023-02-02 15:10:11'),
(324,1,'2023-02-23','1','2023-02-23 11:52:12'),
(325,2,'2023-02-23','1','2023-02-23 11:52:28'),
(326,3,'2023-02-23','1','2023-02-23 12:01:04'),
(327,4,'2023-02-23','0','2023-02-23 12:01:08'),
(328,5,'2023-02-23','0','2023-02-23 12:01:10'),
(329,6,'2023-02-23','0','2023-02-23 14:40:12'),
(330,1,'2023-02-24','1','2023-02-24 10:47:13'),
(331,2,'2023-02-24','1','2023-02-24 10:48:18'),
(332,3,'2023-02-24','1','2023-02-24 10:48:42'),
(333,4,'2023-02-24','1','2023-02-24 10:50:58'),
(334,5,'2023-02-24','0','2023-02-24 10:51:05'),
(335,6,'2023-02-24','0','2023-02-24 11:15:00'),
(336,1,'2023-02-27','0','2023-02-27 14:11:56'),
(337,2,'2023-02-27','0','2023-02-27 14:12:29'),
(338,3,'2023-02-27','0','2023-02-27 14:13:06'),
(339,4,'2023-02-27','0','2023-02-27 14:17:08'),
(340,1,'2023-02-28','0','2023-02-28 08:53:02'),
(341,2,'2023-02-28','0','2023-02-28 09:13:04'),
(342,3,'2023-02-28','0','2023-02-28 09:13:32'),
(343,4,'2023-02-28','0','2023-02-28 09:13:40'),
(344,5,'2023-02-28','0','2023-02-28 09:15:39'),
(345,6,'2023-02-28','0','2023-02-28 09:16:06'),
(346,7,'2023-02-28','0','2023-02-28 09:18:05'),
(347,8,'2023-02-28','0','2023-02-28 09:21:02'),
(348,9,'2023-02-28','0','2023-02-28 09:22:57'),
(349,10,'2023-02-28','0','2023-02-28 09:25:31'),
(350,11,'2023-02-28','0','2023-02-28 09:27:00'),
(351,12,'2023-02-28','0','2023-02-28 09:27:37'),
(352,13,'2023-02-28','0','2023-02-28 09:34:24'),
(353,14,'2023-02-28','0','2023-02-28 09:38:05'),
(354,15,'2023-02-28','0','2023-02-28 09:39:26'),
(355,16,'2023-02-28','0','2023-02-28 09:39:52'),
(356,17,'2023-02-28','0','2023-02-28 09:40:47'),
(357,18,'2023-02-28','0','2023-02-28 09:41:38'),
(358,19,'2023-02-28','0','2023-02-28 09:44:26'),
(359,20,'2023-02-28','0','2023-02-28 09:50:49'),
(360,21,'2023-02-28','0','2023-02-28 09:58:52'),
(361,22,'2023-02-28','0','2023-02-28 11:43:16'),
(362,23,'2023-02-28','0','2023-02-28 11:44:54'),
(363,24,'2023-02-28','0','2023-02-28 13:46:46');

/*Data for the table `poli` */

insert  into `poli`(`id`,`nama_poli`,`file_panggilan`,`pass`) values 
(1,'UMUM','Poli-Gizi.mp3','12345'),
(2,'GIGI','Poli-Gigi.mp3','12345'),
(3,'KB','Poli-MTBS.mp3','12345'),
(4,'KIA','Poli-PKPR.mp3','12345'),
(5,'UP24 JAM','Poli-Seroja.mp3','12345'),
(6,'MTBS',NULL,NULL),
(7,'TB',NULL,NULL),
(8,'LANSIA',NULL,NULL),
(9,'GIZI',NULL,NULL),
(10,'IMUNISASI',NULL,NULL),
(11,'PTM',NULL,NULL),
(12,'PSIKOLOGI',NULL,NULL),
(13,'PKPR',NULL,NULL),
(14,'UBM',NULL,NULL),
(15,'LAVENDER',NULL,NULL),
(16,'SEROJA',NULL,NULL),
(17,'CATIN',NULL,NULL),
(18,'HAJI',NULL,NULL),
(19,'KONSELING',NULL,NULL),
(20,'ISPA',NULL,NULL),
(21,'RUANG BERSALIN',NULL,NULL),
(22,'APOTEK',NULL,NULL);

/*Data for the table `skp` */

insert  into `skp`(`id`,`tanggal`,`id_poli`,`id_status`) values 
(1,'2022-09-17',1,1),
(2,'2022-09-17',1,2),
(3,'2022-09-17',1,3),
(4,'2022-09-17',1,4),
(5,'2022-09-17',3,3),
(6,'2022-09-17',4,1),
(7,'2022-09-17',4,2),
(8,'2022-09-17',4,1),
(9,'2022-09-17',4,1),
(10,'2022-09-17',5,1),
(11,'2022-09-17',5,1),
(12,'2022-09-18',1,1),
(13,'2022-09-18',1,1),
(14,'2022-09-19',2,1),
(15,'2022-09-19',2,2),
(16,'2022-09-17',1,1),
(17,'2022-09-18',1,2),
(18,'2022-09-19',1,1),
(19,'2022-12-19',1,1),
(20,'2022-12-28',1,1),
(21,'2022-12-28',2,1),
(22,'2023-01-03',1,1),
(23,'2023-01-03',1,1),
(24,'2023-01-04',1,2),
(25,'2023-01-04',1,1),
(26,'2023-01-04',1,1),
(27,'2023-01-04',1,2),
(28,'2023-01-10',1,1),
(29,'2023-01-10',1,1),
(30,'2023-01-10',1,2),
(31,'2023-01-10',1,1),
(32,'2023-01-10',1,2),
(33,'2023-01-11',1,1),
(34,'2023-01-11',1,1),
(35,'2023-01-11',1,2),
(36,'2023-01-11',1,3),
(37,'2023-01-11',1,4),
(38,'2023-01-11',3,1),
(39,'2023-01-11',3,3),
(40,'2023-01-11',3,1),
(41,'2023-01-11',3,1),
(42,'2023-01-26',2,1),
(43,'2023-01-26',3,2),
(44,'2023-01-26',3,1),
(45,'2023-01-26',3,2),
(46,'2023-02-23',4,1),
(47,'2023-02-23',4,2),
(48,'2023-02-23',1,2),
(49,'2023-02-23',3,1),
(50,'2023-02-23',3,1),
(51,'2023-02-23',3,3),
(52,'2023-02-23',3,2),
(53,'2023-02-23',3,1),
(54,'2023-02-23',1,2),
(55,'2023-02-23',2,1),
(56,'2023-02-23',5,1),
(57,'2023-02-23',1,1),
(58,'2023-02-24',1,1),
(59,'2023-02-24',1,1),
(60,'2023-02-24',1,1),
(61,'2023-02-24',1,1),
(62,'2023-02-24',1,1),
(63,'2023-02-24',1,1),
(64,'2023-02-24',1,1),
(65,'2023-02-24',1,2),
(66,'2023-02-24',1,1),
(67,'2023-02-24',2,2),
(68,'2023-02-24',1,1),
(69,'2023-02-24',2,1),
(70,'2023-07-01',1,2),
(71,'2023-07-01',1,2),
(72,'2023-07-01',1,2),
(73,'2023-07-01',1,2),
(74,'2023-07-01',1,2),
(75,'2023-07-01',1,2),
(76,'2023-02-24',3,1),
(77,'2023-02-24',1,1),
(78,'2023-02-24',1,1),
(79,'2023-02-24',1,2),
(80,'2023-02-24',1,1),
(81,'2023-02-24',1,1),
(82,'2023-02-24',1,1),
(83,'2023-02-24',1,1),
(84,'2023-02-24',2,2),
(85,'2023-02-24',2,3),
(86,'2023-02-24',3,1),
(87,'2023-02-27',1,1),
(88,'2023-02-27',2,2),
(89,'2023-02-27',3,1),
(90,'2023-02-27',1,1),
(91,'2023-02-27',9,1),
(92,'2023-02-27',3,2),
(93,'2023-02-27',2,1),
(94,'2023-02-27',1,2),
(95,'2023-02-27',2,1),
(96,'2023-02-27',2,1),
(97,'2023-02-27',2,1),
(98,'2023-02-28',1,1),
(99,'2023-02-28',1,1),
(100,'2023-02-28',1,1),
(101,'2023-02-28',1,2),
(102,'2023-02-28',1,1),
(103,'2023-02-28',1,1),
(104,'2023-02-28',11,1),
(105,'2023-02-28',1,1),
(106,'2023-02-28',6,1),
(107,'2023-02-28',2,1),
(108,'2023-02-28',9,1),
(109,'2023-02-28',9,1),
(110,'2023-02-28',5,1),
(111,'2023-02-28',2,1),
(112,'2023-02-28',1,1),
(113,'2023-02-28',1,1),
(114,'2023-02-28',2,1),
(115,'2023-02-28',1,1),
(116,'2023-02-28',6,1),
(117,'2023-02-28',1,1),
(118,'2023-02-28',22,1),
(119,'2023-02-28',1,1),
(120,'2023-02-28',18,4),
(121,'2023-02-28',15,3),
(122,'2023-02-28',1,1),
(123,'2023-02-28',1,1),
(124,'2023-02-28',1,1),
(125,'2023-02-28',1,1),
(126,'2023-02-28',22,1),
(127,'2023-02-28',11,2),
(128,'2023-02-28',1,1),
(129,'2023-02-28',1,1),
(130,'2023-02-28',21,1),
(131,'2023-02-28',2,1),
(132,'2023-02-28',1,1),
(133,'2023-02-28',18,1),
(134,'2023-02-28',1,1),
(135,'2023-02-28',2,2),
(136,'2023-02-28',19,1),
(137,'2023-02-28',1,4),
(138,'2023-02-28',1,1),
(139,'2023-02-28',9,1),
(140,'2023-02-28',9,1),
(141,'2023-02-28',1,1),
(142,'2023-02-28',1,1),
(143,'2023-02-28',18,2),
(144,'2023-02-28',5,1),
(145,'2023-02-28',22,2);

/*Data for the table `speaker` */

/*Data for the table `status` */

insert  into `status`(`id`,`status`) values 
(1,'Sangat Puas'),
(2,'Puas'),
(3,'Cukup'),
(4,'Kurang');

/*Data for the table `tanggal` */

insert  into `tanggal`(`id`,`tanggal`) values 
(1,'2022-01-02'),
(2,'2022-01-03'),
(3,'2022-01-04'),
(4,'2022-01-05'),
(5,'2022-01-06'),
(6,'2022-01-07'),
(7,'2022-01-08'),
(8,'2022-01-09'),
(9,'2022-01-10'),
(10,'2022-01-11'),
(11,'2022-01-12'),
(12,'2022-01-13'),
(13,'2022-01-14'),
(14,'2022-01-15'),
(15,'2022-01-16'),
(16,'2022-01-17'),
(17,'2022-01-18'),
(18,'2022-01-19'),
(19,'2022-01-20'),
(20,'2022-01-21'),
(21,'2022-01-22'),
(22,'2022-01-23'),
(23,'2022-01-24'),
(24,'2022-01-25'),
(25,'2022-01-26'),
(26,'2022-01-27'),
(27,'2022-01-28'),
(28,'2022-01-29'),
(29,'2022-01-30'),
(30,'2022-01-31'),
(31,'2022-02-01'),
(32,'2022-02-02'),
(33,'2022-02-03'),
(34,'2022-02-04'),
(35,'2022-02-05'),
(36,'2022-02-06'),
(37,'2022-02-07'),
(38,'2022-02-08'),
(39,'2022-02-09'),
(40,'2022-02-10'),
(41,'2022-02-11'),
(42,'2022-02-12'),
(43,'2022-02-13'),
(44,'2022-02-14'),
(45,'2022-02-15'),
(46,'2022-02-16'),
(47,'2022-02-17'),
(48,'2022-02-18'),
(49,'2022-02-19'),
(50,'2022-02-20'),
(51,'2022-02-21'),
(52,'2022-02-22'),
(53,'2022-02-23'),
(54,'2022-02-24'),
(55,'2022-02-25'),
(56,'2022-02-26'),
(57,'2022-02-27'),
(58,'2022-02-28'),
(59,'2022-03-01'),
(60,'2022-03-02'),
(61,'2022-03-03'),
(62,'2022-03-04'),
(63,'2022-03-05'),
(64,'2022-03-06'),
(65,'2022-03-07'),
(66,'2022-03-08'),
(67,'2022-03-09'),
(68,'2022-03-10'),
(69,'2022-03-11'),
(70,'2022-03-12'),
(71,'2022-03-13'),
(72,'2022-03-14'),
(73,'2022-03-15'),
(74,'2022-03-16'),
(75,'2022-03-17'),
(76,'2022-03-18'),
(77,'2022-03-19'),
(78,'2022-03-20'),
(79,'2022-03-21'),
(80,'2022-03-22'),
(81,'2022-03-23'),
(82,'2022-03-24'),
(83,'2022-03-25'),
(84,'2022-03-26'),
(85,'2022-03-27'),
(86,'2022-03-28'),
(87,'2022-03-29'),
(88,'2022-03-30'),
(89,'2022-03-31'),
(90,'2022-04-01'),
(91,'2022-04-02'),
(92,'2022-04-03'),
(93,'2022-04-04'),
(94,'2022-04-05'),
(95,'2022-04-06'),
(96,'2022-04-07'),
(97,'2022-04-08'),
(98,'2022-04-09'),
(99,'2022-04-10'),
(100,'2022-04-11'),
(101,'2022-04-12'),
(102,'2022-04-13'),
(103,'2022-04-14'),
(104,'2022-04-15'),
(105,'2022-04-16'),
(106,'2022-04-17'),
(107,'2022-04-18'),
(108,'2022-04-19'),
(109,'2022-04-20'),
(110,'2022-04-21'),
(111,'2022-04-22'),
(112,'2022-04-23'),
(113,'2022-04-24'),
(114,'2022-04-25'),
(115,'2022-04-26'),
(116,'2022-04-27'),
(117,'2022-04-28'),
(118,'2022-04-29'),
(119,'2022-04-30'),
(120,'2022-05-01'),
(121,'2022-05-02'),
(122,'2022-05-03'),
(123,'2022-05-04'),
(124,'2022-05-05'),
(125,'2022-05-06'),
(126,'2022-05-07'),
(127,'2022-05-08'),
(128,'2022-05-09'),
(129,'2022-05-10'),
(130,'2022-05-11'),
(131,'2022-05-12'),
(132,'2022-05-13'),
(133,'2022-05-14'),
(134,'2022-05-15'),
(135,'2022-05-16'),
(136,'2022-05-17'),
(137,'2022-05-18'),
(138,'2022-05-19'),
(139,'2022-05-20'),
(140,'2022-05-21'),
(141,'2022-05-22'),
(142,'2022-05-23'),
(143,'2022-05-24'),
(144,'2022-05-25'),
(145,'2022-05-26'),
(146,'2022-05-27'),
(147,'2022-05-28'),
(148,'2022-05-29'),
(149,'2022-05-30'),
(150,'2022-05-31'),
(151,'2022-06-01'),
(152,'2022-06-02'),
(153,'2022-06-03'),
(154,'2022-06-04'),
(155,'2022-06-05'),
(156,'2022-06-06'),
(157,'2022-06-07'),
(158,'2022-06-08'),
(159,'2022-06-09'),
(160,'2022-06-10'),
(161,'2022-06-11'),
(162,'2022-06-12'),
(163,'2022-06-13'),
(164,'2022-06-14'),
(165,'2022-06-15'),
(166,'2022-06-16'),
(167,'2022-06-17'),
(168,'2022-06-18'),
(169,'2022-06-19'),
(170,'2022-06-20'),
(171,'2022-06-21'),
(172,'2022-06-22'),
(173,'2022-06-23'),
(174,'2022-06-24'),
(175,'2022-06-25'),
(176,'2022-06-26'),
(177,'2022-06-27'),
(178,'2022-06-28'),
(179,'2022-06-29'),
(180,'2022-06-30'),
(181,'2022-07-01'),
(182,'2022-07-02'),
(183,'2022-07-03'),
(184,'2022-07-04'),
(185,'2022-07-05'),
(186,'2022-07-06'),
(187,'2022-07-07'),
(188,'2022-07-08'),
(189,'2022-07-09'),
(190,'2022-07-10'),
(191,'2022-07-11'),
(192,'2022-07-12'),
(193,'2022-07-13'),
(194,'2022-07-14'),
(195,'2022-07-15'),
(196,'2022-07-16'),
(197,'2022-07-17'),
(198,'2022-07-18'),
(199,'2022-07-19'),
(200,'2022-07-20'),
(201,'2022-07-21'),
(202,'2022-07-22'),
(203,'2022-07-23'),
(204,'2022-07-24'),
(205,'2022-07-25'),
(206,'2022-07-26'),
(207,'2022-07-27'),
(208,'2022-07-28'),
(209,'2022-07-29'),
(210,'2022-07-30'),
(211,'2022-07-31'),
(212,'2022-08-01'),
(213,'2022-08-02'),
(214,'2022-08-03'),
(215,'2022-08-04'),
(216,'2022-08-05'),
(217,'2022-08-06'),
(218,'2022-08-07'),
(219,'2022-08-08'),
(220,'2022-08-09'),
(221,'2022-08-10'),
(222,'2022-08-11'),
(223,'2022-08-12'),
(224,'2022-08-13'),
(225,'2022-08-14'),
(226,'2022-08-15'),
(227,'2022-08-16'),
(228,'2022-08-17'),
(229,'2022-08-18'),
(230,'2022-08-19'),
(231,'2022-08-20'),
(232,'2022-08-21'),
(233,'2022-08-22'),
(234,'2022-08-23'),
(235,'2022-08-24'),
(236,'2022-08-25'),
(237,'2022-08-26'),
(238,'2022-08-27'),
(239,'2022-08-28'),
(240,'2022-08-29'),
(241,'2022-08-30'),
(242,'2022-08-31'),
(243,'2022-09-01'),
(244,'2022-09-02'),
(245,'2022-09-03'),
(246,'2022-09-04'),
(247,'2022-09-05'),
(248,'2022-09-06'),
(249,'2022-09-07'),
(250,'2022-09-08'),
(251,'2022-09-09'),
(252,'2022-09-10'),
(253,'2022-09-11'),
(254,'2022-09-12'),
(255,'2022-09-13'),
(256,'2022-09-14'),
(257,'2022-09-15'),
(258,'2022-09-16'),
(259,'2022-09-17'),
(260,'2022-09-18'),
(261,'2022-09-19'),
(262,'2022-09-20'),
(263,'2022-09-21'),
(264,'2022-09-22'),
(265,'2022-09-23'),
(266,'2022-09-24'),
(267,'2022-09-25'),
(268,'2022-09-26'),
(269,'2022-09-27'),
(270,'2022-09-28'),
(271,'2022-09-29'),
(272,'2022-09-30'),
(273,'2022-10-01'),
(274,'2022-10-02'),
(275,'2022-10-03'),
(276,'2022-10-04'),
(277,'2022-10-05'),
(278,'2022-10-06'),
(279,'2022-10-07'),
(280,'2022-10-08'),
(281,'2022-10-09'),
(282,'2022-10-10'),
(283,'2022-10-11'),
(284,'2022-10-12'),
(285,'2022-10-13'),
(286,'2022-10-14'),
(287,'2022-10-15'),
(288,'2022-10-16'),
(289,'2022-10-17'),
(290,'2022-10-18'),
(291,'2022-10-19'),
(292,'2022-10-20'),
(293,'2022-10-21'),
(294,'2022-10-22'),
(295,'2022-10-23'),
(296,'2022-10-24'),
(297,'2022-10-25'),
(298,'2022-10-26'),
(299,'2022-10-27'),
(300,'2022-10-28'),
(301,'2022-10-29'),
(302,'2022-10-30'),
(303,'2022-10-31'),
(304,'2022-11-01'),
(305,'2022-11-02'),
(306,'2022-11-03'),
(307,'2022-11-04'),
(308,'2022-11-05'),
(309,'2022-11-06'),
(310,'2022-11-07'),
(311,'2022-11-08'),
(312,'2022-11-09'),
(313,'2022-11-10'),
(314,'2022-11-11'),
(315,'2022-11-12'),
(316,'2022-11-13'),
(317,'2022-11-14'),
(318,'2022-11-15'),
(319,'2022-11-16'),
(320,'2022-11-17'),
(321,'2022-11-18'),
(322,'2022-11-19'),
(323,'2022-11-20'),
(324,'2022-11-21'),
(325,'2022-11-22'),
(326,'2022-11-23'),
(327,'2022-11-24'),
(328,'2022-11-25'),
(329,'2022-11-26'),
(330,'2022-11-27'),
(331,'2022-11-28'),
(332,'2022-11-29'),
(333,'2022-11-30'),
(334,'2022-12-01'),
(335,'2022-12-02'),
(336,'2022-12-03'),
(337,'2022-12-04'),
(338,'2022-12-05'),
(339,'2022-12-06'),
(340,'2022-12-07'),
(341,'2022-12-08'),
(342,'2022-12-09'),
(343,'2022-12-10'),
(344,'2022-12-11'),
(345,'2022-12-12'),
(346,'2022-12-13'),
(347,'2022-12-14'),
(348,'2022-12-15'),
(349,'2022-12-16'),
(350,'2022-12-17'),
(351,'2022-12-18'),
(352,'2022-12-19'),
(353,'2022-12-20'),
(354,'2022-12-21'),
(355,'2022-12-22'),
(356,'2022-12-23'),
(357,'2022-12-24'),
(358,'2022-12-25'),
(359,'2022-12-26'),
(360,'2022-12-27'),
(361,'2022-12-28'),
(362,'2022-12-29'),
(363,'2022-12-30'),
(364,'2022-12-31'),
(365,'2023-01-01'),
(366,'2023-01-02'),
(367,'2023-01-03'),
(368,'2023-01-04'),
(369,'2023-01-05'),
(370,'2023-01-06'),
(371,'2023-01-07'),
(372,'2023-01-08'),
(373,'2023-01-09'),
(374,'2023-01-10'),
(375,'2023-01-11'),
(376,'2023-01-12'),
(377,'2023-01-13'),
(378,'2023-01-14'),
(379,'2023-01-15'),
(380,'2023-01-16'),
(381,'2023-01-17'),
(382,'2023-01-18'),
(383,'2023-01-19'),
(384,'2023-01-20'),
(385,'2023-01-21'),
(386,'2023-01-22'),
(387,'2023-01-23'),
(388,'2023-01-24'),
(389,'2023-01-25'),
(390,'2023-01-26'),
(391,'2023-01-27'),
(392,'2023-01-28'),
(393,'2023-01-29'),
(394,'2023-01-30'),
(395,'2023-01-31'),
(396,'2023-02-01'),
(397,'2023-02-02'),
(398,'2023-02-03'),
(399,'2023-02-04'),
(400,'2023-02-05'),
(401,'2023-02-06'),
(402,'2023-02-07'),
(403,'2023-02-08'),
(404,'2023-02-09'),
(405,'2023-02-10'),
(406,'2023-02-11'),
(407,'2023-02-12'),
(408,'2023-02-13'),
(409,'2023-02-14'),
(410,'2023-02-15'),
(411,'2023-02-16'),
(412,'2023-02-17'),
(413,'2023-02-18'),
(414,'2023-02-19'),
(415,'2023-02-20'),
(416,'2023-02-21'),
(417,'2023-02-22'),
(418,'2023-02-23'),
(419,'2023-02-24'),
(420,'2023-02-25'),
(421,'2023-02-26'),
(422,'2023-02-27'),
(423,'2023-02-28'),
(424,'2023-03-01'),
(425,'2023-03-02'),
(426,'2023-03-03'),
(427,'2023-03-04'),
(428,'2023-03-05'),
(429,'2023-03-06'),
(430,'2023-03-07'),
(431,'2023-03-08'),
(432,'2023-03-09'),
(433,'2023-03-10'),
(434,'2023-03-11'),
(435,'2023-03-12'),
(436,'2023-03-13'),
(437,'2023-03-14'),
(438,'2023-03-15'),
(439,'2023-03-16'),
(440,'2023-03-17'),
(441,'2023-03-18'),
(442,'2023-03-19'),
(443,'2023-03-20'),
(444,'2023-03-21'),
(445,'2023-03-22'),
(446,'2023-03-23'),
(447,'2023-03-24'),
(448,'2023-03-25'),
(449,'2023-03-26'),
(450,'2023-03-27'),
(451,'2023-03-28'),
(452,'2023-03-29'),
(453,'2023-03-30'),
(454,'2023-03-31'),
(455,'2023-04-01'),
(456,'2023-04-02'),
(457,'2023-04-03'),
(458,'2023-04-04'),
(459,'2023-04-05'),
(460,'2023-04-06'),
(461,'2023-04-07'),
(462,'2023-04-08'),
(463,'2023-04-09'),
(464,'2023-04-10'),
(465,'2023-04-11'),
(466,'2023-04-12'),
(467,'2023-04-13'),
(468,'2023-04-14'),
(469,'2023-04-15'),
(470,'2023-04-16'),
(471,'2023-04-17'),
(472,'2023-04-18'),
(473,'2023-04-19'),
(474,'2023-04-20'),
(475,'2023-04-21'),
(476,'2023-04-22'),
(477,'2023-04-23'),
(478,'2023-04-24'),
(479,'2023-04-25'),
(480,'2023-04-26'),
(481,'2023-04-27'),
(482,'2023-04-28'),
(483,'2023-04-29'),
(484,'2023-04-30'),
(485,'2023-05-01'),
(486,'2023-05-02'),
(487,'2023-05-03'),
(488,'2023-05-04'),
(489,'2023-05-05'),
(490,'2023-05-06'),
(491,'2023-05-07'),
(492,'2023-05-08'),
(493,'2023-05-09'),
(494,'2023-05-10'),
(495,'2023-05-11'),
(496,'2023-05-12'),
(497,'2023-05-13'),
(498,'2023-05-14'),
(499,'2023-05-15'),
(500,'2023-05-16'),
(501,'2023-05-17'),
(502,'2023-05-18'),
(503,'2023-05-19'),
(504,'2023-05-20'),
(505,'2023-05-21'),
(506,'2023-05-22'),
(507,'2023-05-23'),
(508,'2023-05-24'),
(509,'2023-05-25'),
(510,'2023-05-26'),
(511,'2023-05-27'),
(512,'2023-05-28'),
(513,'2023-05-29'),
(514,'2023-05-30'),
(515,'2023-05-31'),
(516,'2023-06-01'),
(517,'2023-06-02'),
(518,'2023-06-03'),
(519,'2023-06-04'),
(520,'2023-06-05'),
(521,'2023-06-06'),
(522,'2023-06-07'),
(523,'2023-06-08'),
(524,'2023-06-09'),
(525,'2023-06-10'),
(526,'2023-06-11'),
(527,'2023-06-12'),
(528,'2023-06-13'),
(529,'2023-06-14'),
(530,'2023-06-15'),
(531,'2023-06-16'),
(532,'2023-06-17'),
(533,'2023-06-18'),
(534,'2023-06-19'),
(535,'2023-06-20'),
(536,'2023-06-21'),
(537,'2023-06-22'),
(538,'2023-06-23'),
(539,'2023-06-24'),
(540,'2023-06-25'),
(541,'2023-06-26'),
(542,'2023-06-27'),
(543,'2023-06-28'),
(544,'2023-06-29'),
(545,'2023-06-30'),
(546,'2023-07-01'),
(547,'2023-07-02'),
(548,'2023-07-03'),
(549,'2023-07-04'),
(550,'2023-07-05'),
(551,'2023-07-06'),
(552,'2023-07-07'),
(553,'2023-07-08'),
(554,'2023-07-09'),
(555,'2023-07-10'),
(556,'2023-07-11'),
(557,'2023-07-12'),
(558,'2023-07-13'),
(559,'2023-07-14'),
(560,'2023-07-15'),
(561,'2023-07-16'),
(562,'2023-07-17'),
(563,'2023-07-18'),
(564,'2023-07-19'),
(565,'2023-07-20'),
(566,'2023-07-21'),
(567,'2023-07-22'),
(568,'2023-07-23'),
(569,'2023-07-24'),
(570,'2023-07-25'),
(571,'2023-07-26'),
(572,'2023-07-27'),
(573,'2023-07-28'),
(574,'2023-07-29'),
(575,'2023-07-30'),
(576,'2023-07-31'),
(577,'2023-08-01'),
(578,'2023-08-02'),
(579,'2023-08-03'),
(580,'2023-08-04'),
(581,'2023-08-05'),
(582,'2023-08-06'),
(583,'2023-08-07'),
(584,'2023-08-08'),
(585,'2023-08-09'),
(586,'2023-08-10'),
(587,'2023-08-11'),
(588,'2023-08-12'),
(589,'2023-08-13'),
(590,'2023-08-14'),
(591,'2023-08-15'),
(592,'2023-08-16'),
(593,'2023-08-17'),
(594,'2023-08-18'),
(595,'2023-08-19'),
(596,'2023-08-20'),
(597,'2023-08-21'),
(598,'2023-08-22'),
(599,'2023-08-23'),
(600,'2023-08-24'),
(601,'2023-08-25'),
(602,'2023-08-26'),
(603,'2023-08-27'),
(604,'2023-08-28'),
(605,'2023-08-29'),
(606,'2023-08-30'),
(607,'2023-08-31'),
(608,'2023-09-01'),
(609,'2023-09-02'),
(610,'2023-09-03'),
(611,'2023-09-04'),
(612,'2023-09-05'),
(613,'2023-09-06'),
(614,'2023-09-07'),
(615,'2023-09-08'),
(616,'2023-09-09'),
(617,'2023-09-10'),
(618,'2023-09-11'),
(619,'2023-09-12'),
(620,'2023-09-13'),
(621,'2023-09-14'),
(622,'2023-09-15'),
(623,'2023-09-16'),
(624,'2023-09-17'),
(625,'2023-09-18'),
(626,'2023-09-19'),
(627,'2023-09-20'),
(628,'2023-09-21'),
(629,'2023-09-22'),
(630,'2023-09-23'),
(631,'2023-09-24'),
(632,'2023-09-25'),
(633,'2023-09-26'),
(634,'2023-09-27'),
(635,'2023-09-28'),
(636,'2023-09-29'),
(637,'2023-09-30'),
(638,'2023-10-01'),
(639,'2023-10-02'),
(640,'2023-10-03'),
(641,'2023-10-04'),
(642,'2023-10-05'),
(643,'2023-10-06'),
(644,'2023-10-07'),
(645,'2023-10-08'),
(646,'2023-10-09'),
(647,'2023-10-10'),
(648,'2023-10-11'),
(649,'2023-10-12'),
(650,'2023-10-13'),
(651,'2023-10-14'),
(652,'2023-10-15'),
(653,'2023-10-16'),
(654,'2023-10-17'),
(655,'2023-10-18'),
(656,'2023-10-19'),
(657,'2023-10-20'),
(658,'2023-10-21'),
(659,'2023-10-22'),
(660,'2023-10-23'),
(661,'2023-10-24'),
(662,'2023-10-25'),
(663,'2023-10-26'),
(664,'2023-10-27'),
(665,'2023-10-28'),
(666,'2023-10-29'),
(667,'2023-10-30'),
(668,'2023-10-31'),
(669,'2023-11-01'),
(670,'2023-11-02'),
(671,'2023-11-03'),
(672,'2023-11-04'),
(673,'2023-11-05'),
(674,'2023-11-06'),
(675,'2023-11-07'),
(676,'2023-11-08'),
(677,'2023-11-09'),
(678,'2023-11-10'),
(679,'2023-11-11'),
(680,'2023-11-12'),
(681,'2023-11-13'),
(682,'2023-11-14'),
(683,'2023-11-15'),
(684,'2023-11-16'),
(685,'2023-11-17'),
(686,'2023-11-18'),
(687,'2023-11-19'),
(688,'2023-11-20'),
(689,'2023-11-21'),
(690,'2023-11-22'),
(691,'2023-11-23'),
(692,'2023-11-24'),
(693,'2023-11-25'),
(694,'2023-11-26'),
(695,'2023-11-27'),
(696,'2023-11-28'),
(697,'2023-11-29'),
(698,'2023-11-30'),
(699,'2023-12-01'),
(700,'2023-12-02'),
(701,'2023-12-03'),
(702,'2023-12-04'),
(703,'2023-12-05'),
(704,'2023-12-06'),
(705,'2023-12-07'),
(706,'2023-12-08'),
(707,'2023-12-09'),
(708,'2023-12-10'),
(709,'2023-12-11'),
(710,'2023-12-12'),
(711,'2023-12-13'),
(712,'2023-12-14'),
(713,'2023-12-15'),
(714,'2023-12-16'),
(715,'2023-12-17'),
(716,'2023-12-18'),
(717,'2023-12-19'),
(718,'2023-12-20'),
(719,'2023-12-21'),
(720,'2023-12-22'),
(721,'2023-12-23'),
(722,'2023-12-24'),
(723,'2023-12-25'),
(724,'2023-12-26'),
(725,'2023-12-27'),
(726,'2023-12-28'),
(727,'2023-12-29'),
(728,'2023-12-30'),
(729,'2023-12-31'),
(730,'2024-01-01'),
(731,'2024-01-02'),
(732,'2024-01-03'),
(733,'2024-01-04'),
(734,'2024-01-05'),
(735,'2024-01-06'),
(736,'2024-01-07'),
(737,'2024-01-08'),
(738,'2024-01-09'),
(739,'2024-01-10'),
(740,'2024-01-11'),
(741,'2024-01-12'),
(742,'2024-01-13'),
(743,'2024-01-14'),
(744,'2024-01-15'),
(745,'2024-01-16'),
(746,'2024-01-17'),
(747,'2024-01-18'),
(748,'2024-01-19'),
(749,'2024-01-20'),
(750,'2024-01-21'),
(751,'2024-01-22'),
(752,'2024-01-23'),
(753,'2024-01-24'),
(754,'2024-01-25'),
(755,'2024-01-26'),
(756,'2024-01-27'),
(757,'2024-01-28'),
(758,'2024-01-29'),
(759,'2024-01-30'),
(760,'2024-01-31'),
(761,'2024-02-01'),
(762,'2024-02-02'),
(763,'2024-02-03'),
(764,'2024-02-04'),
(765,'2024-02-05'),
(766,'2024-02-06'),
(767,'2024-02-07'),
(768,'2024-02-08'),
(769,'2024-02-09'),
(770,'2024-02-10'),
(771,'2024-02-11'),
(772,'2024-02-12'),
(773,'2024-02-13'),
(774,'2024-02-14'),
(775,'2024-02-15'),
(776,'2024-02-16'),
(777,'2024-02-17'),
(778,'2024-02-18'),
(779,'2024-02-19'),
(780,'2024-02-20'),
(781,'2024-02-21'),
(782,'2024-02-22'),
(783,'2024-02-23'),
(784,'2024-02-24'),
(785,'2024-02-25'),
(786,'2024-02-26'),
(787,'2024-02-27'),
(788,'2024-02-28'),
(789,'2024-02-29'),
(790,'2024-03-01'),
(791,'2024-03-02'),
(792,'2024-03-03'),
(793,'2024-03-04'),
(794,'2024-03-05'),
(795,'2024-03-06'),
(796,'2024-03-07'),
(797,'2024-03-08'),
(798,'2024-03-09'),
(799,'2024-03-10'),
(800,'2024-03-11'),
(801,'2024-03-12'),
(802,'2024-03-13'),
(803,'2024-03-14'),
(804,'2024-03-15'),
(805,'2024-03-16'),
(806,'2024-03-17'),
(807,'2024-03-18'),
(808,'2024-03-19'),
(809,'2024-03-20'),
(810,'2024-03-21'),
(811,'2024-03-22'),
(812,'2024-03-23'),
(813,'2024-03-24'),
(814,'2024-03-25'),
(815,'2024-03-26'),
(816,'2024-03-27'),
(817,'2024-03-28'),
(818,'2024-03-29'),
(819,'2024-03-30'),
(820,'2024-03-31'),
(821,'2024-04-01'),
(822,'2024-04-02'),
(823,'2024-04-03'),
(824,'2024-04-04'),
(825,'2024-04-05'),
(826,'2024-04-06'),
(827,'2024-04-07'),
(828,'2024-04-08'),
(829,'2024-04-09'),
(830,'2024-04-10'),
(831,'2024-04-11'),
(832,'2024-04-12'),
(833,'2024-04-13'),
(834,'2024-04-14'),
(835,'2024-04-15'),
(836,'2024-04-16'),
(837,'2024-04-17'),
(838,'2024-04-18'),
(839,'2024-04-19'),
(840,'2024-04-20'),
(841,'2024-04-21'),
(842,'2024-04-22'),
(843,'2024-04-23'),
(844,'2024-04-24'),
(845,'2024-04-25'),
(846,'2024-04-26'),
(847,'2024-04-27'),
(848,'2024-04-28'),
(849,'2024-04-29'),
(850,'2024-04-30'),
(851,'2024-05-01'),
(852,'2024-05-02'),
(853,'2024-05-03'),
(854,'2024-05-04'),
(855,'2024-05-05'),
(856,'2024-05-06'),
(857,'2024-05-07'),
(858,'2024-05-08'),
(859,'2024-05-09'),
(860,'2024-05-10'),
(861,'2024-05-11'),
(862,'2024-05-12'),
(863,'2024-05-13'),
(864,'2024-05-14'),
(865,'2024-05-15'),
(866,'2024-05-16'),
(867,'2024-05-17'),
(868,'2024-05-18'),
(869,'2024-05-19'),
(870,'2024-05-20'),
(871,'2024-05-21'),
(872,'2024-05-22'),
(873,'2024-05-23'),
(874,'2024-05-24'),
(875,'2024-05-25'),
(876,'2024-05-26'),
(877,'2024-05-27'),
(878,'2024-05-28'),
(879,'2024-05-29'),
(880,'2024-05-30'),
(881,'2024-05-31'),
(882,'2024-06-01'),
(883,'2024-06-02'),
(884,'2024-06-03'),
(885,'2024-06-04'),
(886,'2024-06-05'),
(887,'2024-06-06'),
(888,'2024-06-07'),
(889,'2024-06-08'),
(890,'2024-06-09'),
(891,'2024-06-10'),
(892,'2024-06-11'),
(893,'2024-06-12'),
(894,'2024-06-13'),
(895,'2024-06-14'),
(896,'2024-06-15'),
(897,'2024-06-16'),
(898,'2024-06-17'),
(899,'2024-06-18'),
(900,'2024-06-19'),
(901,'2024-06-20'),
(902,'2024-06-21'),
(903,'2024-06-22'),
(904,'2024-06-23'),
(905,'2024-06-24'),
(906,'2024-06-25'),
(907,'2024-06-26'),
(908,'2024-06-27'),
(909,'2024-06-28'),
(910,'2024-06-29'),
(911,'2024-06-30'),
(912,'2024-07-01'),
(913,'2024-07-02'),
(914,'2024-07-03'),
(915,'2024-07-04'),
(916,'2024-07-05'),
(917,'2024-07-06'),
(918,'2024-07-07'),
(919,'2024-07-08'),
(920,'2024-07-09'),
(921,'2024-07-10'),
(922,'2024-07-11'),
(923,'2024-07-12'),
(924,'2024-07-13'),
(925,'2024-07-14'),
(926,'2024-07-15'),
(927,'2024-07-16'),
(928,'2024-07-17'),
(929,'2024-07-18'),
(930,'2024-07-19'),
(931,'2024-07-20'),
(932,'2024-07-21'),
(933,'2024-07-22'),
(934,'2024-07-23'),
(935,'2024-07-24'),
(936,'2024-07-25'),
(937,'2024-07-26'),
(938,'2024-07-27'),
(939,'2024-07-28'),
(940,'2024-07-29'),
(941,'2024-07-30'),
(942,'2024-07-31'),
(943,'2024-08-01'),
(944,'2024-08-02'),
(945,'2024-08-03'),
(946,'2024-08-04'),
(947,'2024-08-05'),
(948,'2024-08-06'),
(949,'2024-08-07'),
(950,'2024-08-08'),
(951,'2024-08-09'),
(952,'2024-08-10'),
(953,'2024-08-11'),
(954,'2024-08-12'),
(955,'2024-08-13'),
(956,'2024-08-14'),
(957,'2024-08-15'),
(958,'2024-08-16'),
(959,'2024-08-17'),
(960,'2024-08-18'),
(961,'2024-08-19'),
(962,'2024-08-20'),
(963,'2024-08-21'),
(964,'2024-08-22'),
(965,'2024-08-23'),
(966,'2024-08-24'),
(967,'2024-08-25'),
(968,'2024-08-26'),
(969,'2024-08-27'),
(970,'2024-08-28'),
(971,'2024-08-29'),
(972,'2024-08-30'),
(973,'2024-08-31'),
(974,'2024-09-01'),
(975,'2024-09-02'),
(976,'2024-09-03'),
(977,'2024-09-04'),
(978,'2024-09-05'),
(979,'2024-09-06'),
(980,'2024-09-07'),
(981,'2024-09-08'),
(982,'2024-09-09'),
(983,'2024-09-10'),
(984,'2024-09-11'),
(985,'2024-09-12'),
(986,'2024-09-13'),
(987,'2024-09-14'),
(988,'2024-09-15'),
(989,'2024-09-16'),
(990,'2024-09-17'),
(991,'2024-09-18'),
(992,'2024-09-19'),
(993,'2024-09-20'),
(994,'2024-09-21'),
(995,'2024-09-22'),
(996,'2024-09-23'),
(997,'2024-09-24'),
(998,'2024-09-25'),
(999,'2024-09-26'),
(1000,'2024-09-27'),
(1001,'2022-01-02'),
(1002,'2022-01-03'),
(1003,'2022-01-04'),
(1004,'2022-01-05'),
(1005,'2022-01-06'),
(1006,'2022-01-07'),
(1007,'2022-01-08'),
(1008,'2022-01-09'),
(1009,'2022-01-10'),
(1010,'2022-01-11'),
(1011,'2022-01-12'),
(1012,'2022-01-13'),
(1013,'2022-01-14'),
(1014,'2022-01-15'),
(1015,'2022-01-16'),
(1016,'2022-01-17'),
(1017,'2022-01-18'),
(1018,'2022-01-19'),
(1019,'2022-01-20'),
(1020,'2022-01-21'),
(1021,'2022-01-22'),
(1022,'2022-01-23'),
(1023,'2022-01-24'),
(1024,'2022-01-25'),
(1025,'2022-01-26'),
(1026,'2022-01-27'),
(1027,'2022-01-28'),
(1028,'2022-01-29'),
(1029,'2022-01-30'),
(1030,'2022-01-31'),
(1031,'2022-02-01'),
(1032,'2022-02-02'),
(1033,'2022-02-03'),
(1034,'2022-02-04'),
(1035,'2022-02-05'),
(1036,'2022-02-06'),
(1037,'2022-02-07'),
(1038,'2022-02-08'),
(1039,'2022-02-09'),
(1040,'2022-02-10'),
(1041,'2022-02-11'),
(1042,'2022-02-12'),
(1043,'2022-02-13'),
(1044,'2022-02-14'),
(1045,'2022-02-15'),
(1046,'2022-02-16'),
(1047,'2022-02-17'),
(1048,'2022-02-18'),
(1049,'2022-02-19'),
(1050,'2022-02-20'),
(1051,'2022-02-21'),
(1052,'2022-02-22'),
(1053,'2022-02-23'),
(1054,'2022-02-24'),
(1055,'2022-02-25'),
(1056,'2022-02-26'),
(1057,'2022-02-27'),
(1058,'2022-02-28'),
(1059,'2022-03-01'),
(1060,'2022-03-02'),
(1061,'2022-03-03'),
(1062,'2022-03-04'),
(1063,'2022-03-05'),
(1064,'2022-03-06'),
(1065,'2022-03-07'),
(1066,'2022-03-08'),
(1067,'2022-03-09'),
(1068,'2022-03-10'),
(1069,'2022-03-11'),
(1070,'2022-03-12'),
(1071,'2022-03-13'),
(1072,'2022-03-14'),
(1073,'2022-03-15'),
(1074,'2022-03-16'),
(1075,'2022-03-17'),
(1076,'2022-03-18'),
(1077,'2022-03-19'),
(1078,'2022-03-20'),
(1079,'2022-03-21'),
(1080,'2022-03-22'),
(1081,'2022-03-23'),
(1082,'2022-03-24'),
(1083,'2022-03-25'),
(1084,'2022-03-26'),
(1085,'2022-03-27'),
(1086,'2022-03-28'),
(1087,'2022-03-29'),
(1088,'2022-03-30'),
(1089,'2022-03-31'),
(1090,'2022-04-01'),
(1091,'2022-04-02'),
(1092,'2022-04-03'),
(1093,'2022-04-04'),
(1094,'2022-04-05'),
(1095,'2022-04-06'),
(1096,'2022-04-07'),
(1097,'2022-04-08'),
(1098,'2022-04-09'),
(1099,'2022-04-10'),
(1100,'2022-04-11'),
(1101,'2022-04-12'),
(1102,'2022-04-13'),
(1103,'2022-04-14'),
(1104,'2022-04-15'),
(1105,'2022-04-16'),
(1106,'2022-04-17'),
(1107,'2022-04-18'),
(1108,'2022-04-19'),
(1109,'2022-04-20'),
(1110,'2022-04-21'),
(1111,'2022-04-22'),
(1112,'2022-04-23'),
(1113,'2022-04-24'),
(1114,'2022-04-25'),
(1115,'2022-04-26'),
(1116,'2022-04-27'),
(1117,'2022-04-28'),
(1118,'2022-04-29'),
(1119,'2022-04-30'),
(1120,'2022-05-01'),
(1121,'2022-05-02'),
(1122,'2022-05-03'),
(1123,'2022-05-04'),
(1124,'2022-05-05'),
(1125,'2022-05-06'),
(1126,'2022-05-07'),
(1127,'2022-05-08'),
(1128,'2022-05-09'),
(1129,'2022-05-10'),
(1130,'2022-05-11'),
(1131,'2022-05-12'),
(1132,'2022-05-13'),
(1133,'2022-05-14'),
(1134,'2022-05-15'),
(1135,'2022-05-16'),
(1136,'2022-05-17'),
(1137,'2022-05-18'),
(1138,'2022-05-19'),
(1139,'2022-05-20'),
(1140,'2022-05-21'),
(1141,'2022-05-22'),
(1142,'2022-05-23'),
(1143,'2022-05-24'),
(1144,'2022-05-25'),
(1145,'2022-05-26'),
(1146,'2022-05-27'),
(1147,'2022-05-28'),
(1148,'2022-05-29'),
(1149,'2022-05-30'),
(1150,'2022-05-31'),
(1151,'2022-06-01'),
(1152,'2022-06-02'),
(1153,'2022-06-03'),
(1154,'2022-06-04'),
(1155,'2022-06-05'),
(1156,'2022-06-06'),
(1157,'2022-06-07'),
(1158,'2022-06-08'),
(1159,'2022-06-09'),
(1160,'2022-06-10'),
(1161,'2022-06-11'),
(1162,'2022-06-12'),
(1163,'2022-06-13'),
(1164,'2022-06-14'),
(1165,'2022-06-15'),
(1166,'2022-06-16'),
(1167,'2022-06-17'),
(1168,'2022-06-18'),
(1169,'2022-06-19'),
(1170,'2022-06-20'),
(1171,'2022-06-21'),
(1172,'2022-06-22'),
(1173,'2022-06-23'),
(1174,'2022-06-24'),
(1175,'2022-06-25'),
(1176,'2022-06-26'),
(1177,'2022-06-27'),
(1178,'2022-06-28'),
(1179,'2022-06-29'),
(1180,'2022-06-30'),
(1181,'2022-07-01'),
(1182,'2022-07-02'),
(1183,'2022-07-03'),
(1184,'2022-07-04'),
(1185,'2022-07-05'),
(1186,'2022-07-06'),
(1187,'2022-07-07'),
(1188,'2022-07-08'),
(1189,'2022-07-09'),
(1190,'2022-07-10'),
(1191,'2022-07-11'),
(1192,'2022-07-12'),
(1193,'2022-07-13'),
(1194,'2022-07-14'),
(1195,'2022-07-15'),
(1196,'2022-07-16'),
(1197,'2022-07-17'),
(1198,'2022-07-18'),
(1199,'2022-07-19'),
(1200,'2022-07-20'),
(1201,'2022-07-21'),
(1202,'2022-07-22'),
(1203,'2022-07-23'),
(1204,'2022-07-24'),
(1205,'2022-07-25'),
(1206,'2022-07-26'),
(1207,'2022-07-27'),
(1208,'2022-07-28'),
(1209,'2022-07-29'),
(1210,'2022-07-30'),
(1211,'2022-07-31'),
(1212,'2022-08-01'),
(1213,'2022-08-02'),
(1214,'2022-08-03'),
(1215,'2022-08-04'),
(1216,'2022-08-05'),
(1217,'2022-08-06'),
(1218,'2022-08-07'),
(1219,'2022-08-08'),
(1220,'2022-08-09'),
(1221,'2022-08-10'),
(1222,'2022-08-11'),
(1223,'2022-08-12'),
(1224,'2022-08-13'),
(1225,'2022-08-14'),
(1226,'2022-08-15'),
(1227,'2022-08-16'),
(1228,'2022-08-17'),
(1229,'2022-08-18'),
(1230,'2022-08-19'),
(1231,'2022-08-20'),
(1232,'2022-08-21'),
(1233,'2022-08-22'),
(1234,'2022-08-23'),
(1235,'2022-08-24'),
(1236,'2022-08-25'),
(1237,'2022-08-26'),
(1238,'2022-08-27'),
(1239,'2022-08-28'),
(1240,'2022-08-29'),
(1241,'2022-08-30'),
(1242,'2022-08-31'),
(1243,'2022-09-01'),
(1244,'2022-09-02'),
(1245,'2022-09-03'),
(1246,'2022-09-04'),
(1247,'2022-09-05'),
(1248,'2022-09-06'),
(1249,'2022-09-07'),
(1250,'2022-09-08'),
(1251,'2022-09-09'),
(1252,'2022-09-10'),
(1253,'2022-09-11'),
(1254,'2022-09-12'),
(1255,'2022-09-13'),
(1256,'2022-09-14'),
(1257,'2022-09-15'),
(1258,'2022-09-16'),
(1259,'2022-09-17'),
(1260,'2022-09-18'),
(1261,'2022-09-19'),
(1262,'2022-09-20'),
(1263,'2022-09-21'),
(1264,'2022-09-22'),
(1265,'2022-09-23'),
(1266,'2022-09-24'),
(1267,'2022-09-25'),
(1268,'2022-09-26'),
(1269,'2022-09-27'),
(1270,'2022-09-28'),
(1271,'2022-09-29'),
(1272,'2022-09-30'),
(1273,'2022-10-01'),
(1274,'2022-10-02'),
(1275,'2022-10-03'),
(1276,'2022-10-04'),
(1277,'2022-10-05'),
(1278,'2022-10-06'),
(1279,'2022-10-07'),
(1280,'2022-10-08'),
(1281,'2022-10-09'),
(1282,'2022-10-10'),
(1283,'2022-10-11'),
(1284,'2022-10-12'),
(1285,'2022-10-13'),
(1286,'2022-10-14'),
(1287,'2022-10-15'),
(1288,'2022-10-16'),
(1289,'2022-10-17'),
(1290,'2022-10-18'),
(1291,'2022-10-19'),
(1292,'2022-10-20'),
(1293,'2022-10-21'),
(1294,'2022-10-22'),
(1295,'2022-10-23'),
(1296,'2022-10-24'),
(1297,'2022-10-25'),
(1298,'2022-10-26'),
(1299,'2022-10-27'),
(1300,'2022-10-28'),
(1301,'2022-10-29'),
(1302,'2022-10-30'),
(1303,'2022-10-31'),
(1304,'2022-11-01'),
(1305,'2022-11-02'),
(1306,'2022-11-03'),
(1307,'2022-11-04'),
(1308,'2022-11-05'),
(1309,'2022-11-06'),
(1310,'2022-11-07'),
(1311,'2022-11-08'),
(1312,'2022-11-09'),
(1313,'2022-11-10'),
(1314,'2022-11-11'),
(1315,'2022-11-12'),
(1316,'2022-11-13'),
(1317,'2022-11-14'),
(1318,'2022-11-15'),
(1319,'2022-11-16'),
(1320,'2022-11-17'),
(1321,'2022-11-18'),
(1322,'2022-11-19'),
(1323,'2022-11-20'),
(1324,'2022-11-21'),
(1325,'2022-11-22'),
(1326,'2022-11-23'),
(1327,'2022-11-24'),
(1328,'2022-11-25'),
(1329,'2022-11-26'),
(1330,'2022-11-27'),
(1331,'2022-11-28'),
(1332,'2022-11-29'),
(1333,'2022-11-30'),
(1334,'2022-12-01'),
(1335,'2022-12-02'),
(1336,'2022-12-03'),
(1337,'2022-12-04'),
(1338,'2022-12-05'),
(1339,'2022-12-06'),
(1340,'2022-12-07'),
(1341,'2022-12-08'),
(1342,'2022-12-09'),
(1343,'2022-12-10'),
(1344,'2022-12-11'),
(1345,'2022-12-12'),
(1346,'2022-12-13'),
(1347,'2022-12-14'),
(1348,'2022-12-15'),
(1349,'2022-12-16'),
(1350,'2022-12-17'),
(1351,'2022-12-18'),
(1352,'2022-12-19'),
(1353,'2022-12-20'),
(1354,'2022-12-21'),
(1355,'2022-12-22'),
(1356,'2022-12-23'),
(1357,'2022-12-24'),
(1358,'2022-12-25'),
(1359,'2022-12-26'),
(1360,'2022-12-27'),
(1361,'2022-12-28'),
(1362,'2022-12-29'),
(1363,'2022-12-30'),
(1364,'2022-12-31'),
(1365,'2023-01-01'),
(1366,'2023-01-02'),
(1367,'2023-01-03'),
(1368,'2023-01-04'),
(1369,'2023-01-05'),
(1370,'2023-01-06'),
(1371,'2023-01-07'),
(1372,'2023-01-08'),
(1373,'2023-01-09'),
(1374,'2023-01-10'),
(1375,'2023-01-11'),
(1376,'2023-01-12'),
(1377,'2023-01-13'),
(1378,'2023-01-14'),
(1379,'2023-01-15'),
(1380,'2023-01-16'),
(1381,'2023-01-17'),
(1382,'2023-01-18'),
(1383,'2023-01-19'),
(1384,'2023-01-20'),
(1385,'2023-01-21'),
(1386,'2023-01-22'),
(1387,'2023-01-23'),
(1388,'2023-01-24'),
(1389,'2023-01-25'),
(1390,'2023-01-26'),
(1391,'2023-01-27'),
(1392,'2023-01-28'),
(1393,'2023-01-29'),
(1394,'2023-01-30'),
(1395,'2023-01-31'),
(1396,'2023-02-01'),
(1397,'2023-02-02'),
(1398,'2023-02-03'),
(1399,'2023-02-04'),
(1400,'2023-02-05'),
(1401,'2023-02-06'),
(1402,'2023-02-07'),
(1403,'2023-02-08'),
(1404,'2023-02-09'),
(1405,'2023-02-10'),
(1406,'2023-02-11'),
(1407,'2023-02-12'),
(1408,'2023-02-13'),
(1409,'2023-02-14'),
(1410,'2023-02-15'),
(1411,'2023-02-16'),
(1412,'2023-02-17'),
(1413,'2023-02-18'),
(1414,'2023-02-19'),
(1415,'2023-02-20'),
(1416,'2023-02-21'),
(1417,'2023-02-22'),
(1418,'2023-02-23'),
(1419,'2023-02-24'),
(1420,'2023-02-25'),
(1421,'2023-02-26'),
(1422,'2023-02-27'),
(1423,'2023-02-28'),
(1424,'2023-03-01'),
(1425,'2023-03-02'),
(1426,'2023-03-03'),
(1427,'2023-03-04'),
(1428,'2023-03-05'),
(1429,'2023-03-06'),
(1430,'2023-03-07'),
(1431,'2023-03-08'),
(1432,'2023-03-09'),
(1433,'2023-03-10'),
(1434,'2023-03-11'),
(1435,'2023-03-12'),
(1436,'2023-03-13'),
(1437,'2023-03-14'),
(1438,'2023-03-15'),
(1439,'2023-03-16'),
(1440,'2023-03-17'),
(1441,'2023-03-18'),
(1442,'2023-03-19'),
(1443,'2023-03-20'),
(1444,'2023-03-21'),
(1445,'2023-03-22'),
(1446,'2023-03-23'),
(1447,'2023-03-24'),
(1448,'2023-03-25'),
(1449,'2023-03-26'),
(1450,'2023-03-27'),
(1451,'2023-03-28'),
(1452,'2023-03-29'),
(1453,'2023-03-30'),
(1454,'2023-03-31'),
(1455,'2023-04-01'),
(1456,'2023-04-02'),
(1457,'2023-04-03'),
(1458,'2023-04-04'),
(1459,'2023-04-05'),
(1460,'2023-04-06'),
(1461,'2023-04-07'),
(1462,'2023-04-08'),
(1463,'2023-04-09'),
(1464,'2023-04-10'),
(1465,'2023-04-11'),
(1466,'2023-04-12'),
(1467,'2023-04-13'),
(1468,'2023-04-14'),
(1469,'2023-04-15'),
(1470,'2023-04-16'),
(1471,'2023-04-17'),
(1472,'2023-04-18'),
(1473,'2023-04-19'),
(1474,'2023-04-20'),
(1475,'2023-04-21'),
(1476,'2023-04-22'),
(1477,'2023-04-23'),
(1478,'2023-04-24'),
(1479,'2023-04-25'),
(1480,'2023-04-26'),
(1481,'2023-04-27'),
(1482,'2023-04-28'),
(1483,'2023-04-29'),
(1484,'2023-04-30'),
(1485,'2023-05-01'),
(1486,'2023-05-02'),
(1487,'2023-05-03'),
(1488,'2023-05-04'),
(1489,'2023-05-05'),
(1490,'2023-05-06'),
(1491,'2023-05-07'),
(1492,'2023-05-08'),
(1493,'2023-05-09'),
(1494,'2023-05-10'),
(1495,'2023-05-11'),
(1496,'2023-05-12'),
(1497,'2023-05-13'),
(1498,'2023-05-14'),
(1499,'2023-05-15'),
(1500,'2023-05-16'),
(1501,'2023-05-17'),
(1502,'2023-05-18'),
(1503,'2023-05-19'),
(1504,'2023-05-20'),
(1505,'2023-05-21'),
(1506,'2023-05-22'),
(1507,'2023-05-23'),
(1508,'2023-05-24'),
(1509,'2023-05-25'),
(1510,'2023-05-26'),
(1511,'2023-05-27'),
(1512,'2023-05-28'),
(1513,'2023-05-29'),
(1514,'2023-05-30'),
(1515,'2023-05-31'),
(1516,'2023-06-01'),
(1517,'2023-06-02'),
(1518,'2023-06-03'),
(1519,'2023-06-04'),
(1520,'2023-06-05'),
(1521,'2023-06-06'),
(1522,'2023-06-07'),
(1523,'2023-06-08'),
(1524,'2023-06-09'),
(1525,'2023-06-10'),
(1526,'2023-06-11'),
(1527,'2023-06-12'),
(1528,'2023-06-13'),
(1529,'2023-06-14'),
(1530,'2023-06-15'),
(1531,'2023-06-16'),
(1532,'2023-06-17'),
(1533,'2023-06-18'),
(1534,'2023-06-19'),
(1535,'2023-06-20'),
(1536,'2023-06-21'),
(1537,'2023-06-22'),
(1538,'2023-06-23'),
(1539,'2023-06-24'),
(1540,'2023-06-25'),
(1541,'2023-06-26'),
(1542,'2023-06-27'),
(1543,'2023-06-28'),
(1544,'2023-06-29'),
(1545,'2023-06-30'),
(1546,'2023-07-01'),
(1547,'2023-07-02'),
(1548,'2023-07-03'),
(1549,'2023-07-04'),
(1550,'2023-07-05'),
(1551,'2023-07-06'),
(1552,'2023-07-07'),
(1553,'2023-07-08'),
(1554,'2023-07-09'),
(1555,'2023-07-10'),
(1556,'2023-07-11'),
(1557,'2023-07-12'),
(1558,'2023-07-13'),
(1559,'2023-07-14'),
(1560,'2023-07-15'),
(1561,'2023-07-16'),
(1562,'2023-07-17'),
(1563,'2023-07-18'),
(1564,'2023-07-19'),
(1565,'2023-07-20'),
(1566,'2023-07-21'),
(1567,'2023-07-22'),
(1568,'2023-07-23'),
(1569,'2023-07-24'),
(1570,'2023-07-25'),
(1571,'2023-07-26'),
(1572,'2023-07-27'),
(1573,'2023-07-28'),
(1574,'2023-07-29'),
(1575,'2023-07-30'),
(1576,'2023-07-31'),
(1577,'2023-08-01'),
(1578,'2023-08-02'),
(1579,'2023-08-03'),
(1580,'2023-08-04'),
(1581,'2023-08-05'),
(1582,'2023-08-06'),
(1583,'2023-08-07'),
(1584,'2023-08-08'),
(1585,'2023-08-09'),
(1586,'2023-08-10'),
(1587,'2023-08-11'),
(1588,'2023-08-12'),
(1589,'2023-08-13'),
(1590,'2023-08-14'),
(1591,'2023-08-15'),
(1592,'2023-08-16'),
(1593,'2023-08-17'),
(1594,'2023-08-18'),
(1595,'2023-08-19'),
(1596,'2023-08-20'),
(1597,'2023-08-21'),
(1598,'2023-08-22'),
(1599,'2023-08-23'),
(1600,'2023-08-24'),
(1601,'2023-08-25'),
(1602,'2023-08-26'),
(1603,'2023-08-27'),
(1604,'2023-08-28'),
(1605,'2023-08-29'),
(1606,'2023-08-30'),
(1607,'2023-08-31'),
(1608,'2023-09-01'),
(1609,'2023-09-02'),
(1610,'2023-09-03'),
(1611,'2023-09-04'),
(1612,'2023-09-05'),
(1613,'2023-09-06'),
(1614,'2023-09-07'),
(1615,'2023-09-08'),
(1616,'2023-09-09'),
(1617,'2023-09-10'),
(1618,'2023-09-11'),
(1619,'2023-09-12'),
(1620,'2023-09-13'),
(1621,'2023-09-14'),
(1622,'2023-09-15'),
(1623,'2023-09-16'),
(1624,'2023-09-17'),
(1625,'2023-09-18'),
(1626,'2023-09-19'),
(1627,'2023-09-20'),
(1628,'2023-09-21'),
(1629,'2023-09-22'),
(1630,'2023-09-23'),
(1631,'2023-09-24'),
(1632,'2023-09-25'),
(1633,'2023-09-26'),
(1634,'2023-09-27'),
(1635,'2023-09-28'),
(1636,'2023-09-29'),
(1637,'2023-09-30'),
(1638,'2023-10-01'),
(1639,'2023-10-02'),
(1640,'2023-10-03'),
(1641,'2023-10-04'),
(1642,'2023-10-05'),
(1643,'2023-10-06'),
(1644,'2023-10-07'),
(1645,'2023-10-08'),
(1646,'2023-10-09'),
(1647,'2023-10-10'),
(1648,'2023-10-11'),
(1649,'2023-10-12'),
(1650,'2023-10-13'),
(1651,'2023-10-14'),
(1652,'2023-10-15'),
(1653,'2023-10-16'),
(1654,'2023-10-17'),
(1655,'2023-10-18'),
(1656,'2023-10-19'),
(1657,'2023-10-20'),
(1658,'2023-10-21'),
(1659,'2023-10-22'),
(1660,'2023-10-23'),
(1661,'2023-10-24'),
(1662,'2023-10-25'),
(1663,'2023-10-26'),
(1664,'2023-10-27'),
(1665,'2023-10-28'),
(1666,'2023-10-29'),
(1667,'2023-10-30'),
(1668,'2023-10-31'),
(1669,'2023-11-01'),
(1670,'2023-11-02'),
(1671,'2023-11-03'),
(1672,'2023-11-04'),
(1673,'2023-11-05'),
(1674,'2023-11-06'),
(1675,'2023-11-07'),
(1676,'2023-11-08'),
(1677,'2023-11-09'),
(1678,'2023-11-10'),
(1679,'2023-11-11'),
(1680,'2023-11-12'),
(1681,'2023-11-13'),
(1682,'2023-11-14'),
(1683,'2023-11-15'),
(1684,'2023-11-16'),
(1685,'2023-11-17'),
(1686,'2023-11-18'),
(1687,'2023-11-19'),
(1688,'2023-11-20'),
(1689,'2023-11-21'),
(1690,'2023-11-22'),
(1691,'2023-11-23'),
(1692,'2023-11-24'),
(1693,'2023-11-25'),
(1694,'2023-11-26'),
(1695,'2023-11-27'),
(1696,'2023-11-28'),
(1697,'2023-11-29'),
(1698,'2023-11-30'),
(1699,'2023-12-01'),
(1700,'2023-12-02'),
(1701,'2023-12-03'),
(1702,'2023-12-04'),
(1703,'2023-12-05'),
(1704,'2023-12-06'),
(1705,'2023-12-07'),
(1706,'2023-12-08'),
(1707,'2023-12-09'),
(1708,'2023-12-10'),
(1709,'2023-12-11'),
(1710,'2023-12-12'),
(1711,'2023-12-13'),
(1712,'2023-12-14'),
(1713,'2023-12-15'),
(1714,'2023-12-16'),
(1715,'2023-12-17'),
(1716,'2023-12-18'),
(1717,'2023-12-19'),
(1718,'2023-12-20'),
(1719,'2023-12-21'),
(1720,'2023-12-22'),
(1721,'2023-12-23'),
(1722,'2023-12-24'),
(1723,'2023-12-25'),
(1724,'2023-12-26'),
(1725,'2023-12-27'),
(1726,'2023-12-28'),
(1727,'2023-12-29'),
(1728,'2023-12-30'),
(1729,'2023-12-31'),
(1730,'2024-01-01'),
(1731,'2024-01-02'),
(1732,'2024-01-03'),
(1733,'2024-01-04'),
(1734,'2024-01-05'),
(1735,'2024-01-06'),
(1736,'2024-01-07'),
(1737,'2024-01-08'),
(1738,'2024-01-09'),
(1739,'2024-01-10'),
(1740,'2024-01-11'),
(1741,'2024-01-12'),
(1742,'2024-01-13'),
(1743,'2024-01-14'),
(1744,'2024-01-15'),
(1745,'2024-01-16'),
(1746,'2024-01-17'),
(1747,'2024-01-18'),
(1748,'2024-01-19'),
(1749,'2024-01-20'),
(1750,'2024-01-21'),
(1751,'2024-01-22'),
(1752,'2024-01-23'),
(1753,'2024-01-24'),
(1754,'2024-01-25'),
(1755,'2024-01-26'),
(1756,'2024-01-27'),
(1757,'2024-01-28'),
(1758,'2024-01-29'),
(1759,'2024-01-30'),
(1760,'2024-01-31'),
(1761,'2024-02-01'),
(1762,'2024-02-02'),
(1763,'2024-02-03'),
(1764,'2024-02-04'),
(1765,'2024-02-05'),
(1766,'2024-02-06'),
(1767,'2024-02-07'),
(1768,'2024-02-08'),
(1769,'2024-02-09'),
(1770,'2024-02-10'),
(1771,'2024-02-11'),
(1772,'2024-02-12'),
(1773,'2024-02-13'),
(1774,'2024-02-14'),
(1775,'2024-02-15'),
(1776,'2024-02-16'),
(1777,'2024-02-17'),
(1778,'2024-02-18'),
(1779,'2024-02-19'),
(1780,'2024-02-20'),
(1781,'2024-02-21'),
(1782,'2024-02-22'),
(1783,'2024-02-23'),
(1784,'2024-02-24'),
(1785,'2024-02-25'),
(1786,'2024-02-26'),
(1787,'2024-02-27'),
(1788,'2024-02-28'),
(1789,'2024-02-29'),
(1790,'2024-03-01'),
(1791,'2024-03-02'),
(1792,'2024-03-03'),
(1793,'2024-03-04'),
(1794,'2024-03-05'),
(1795,'2024-03-06'),
(1796,'2024-03-07'),
(1797,'2024-03-08'),
(1798,'2024-03-09'),
(1799,'2024-03-10'),
(1800,'2024-03-11'),
(1801,'2024-03-12'),
(1802,'2024-03-13'),
(1803,'2024-03-14'),
(1804,'2024-03-15'),
(1805,'2024-03-16'),
(1806,'2024-03-17'),
(1807,'2024-03-18'),
(1808,'2024-03-19'),
(1809,'2024-03-20'),
(1810,'2024-03-21'),
(1811,'2024-03-22'),
(1812,'2024-03-23'),
(1813,'2024-03-24'),
(1814,'2024-03-25'),
(1815,'2024-03-26'),
(1816,'2024-03-27'),
(1817,'2024-03-28'),
(1818,'2024-03-29'),
(1819,'2024-03-30'),
(1820,'2024-03-31'),
(1821,'2024-04-01'),
(1822,'2024-04-02'),
(1823,'2024-04-03'),
(1824,'2024-04-04'),
(1825,'2024-04-05'),
(1826,'2024-04-06'),
(1827,'2024-04-07'),
(1828,'2024-04-08'),
(1829,'2024-04-09'),
(1830,'2024-04-10'),
(1831,'2024-04-11'),
(1832,'2024-04-12'),
(1833,'2024-04-13'),
(1834,'2024-04-14'),
(1835,'2024-04-15'),
(1836,'2024-04-16'),
(1837,'2024-04-17'),
(1838,'2024-04-18'),
(1839,'2024-04-19'),
(1840,'2024-04-20'),
(1841,'2024-04-21'),
(1842,'2024-04-22'),
(1843,'2024-04-23'),
(1844,'2024-04-24'),
(1845,'2024-04-25'),
(1846,'2024-04-26'),
(1847,'2024-04-27'),
(1848,'2024-04-28'),
(1849,'2024-04-29'),
(1850,'2024-04-30'),
(1851,'2024-05-01'),
(1852,'2024-05-02'),
(1853,'2024-05-03'),
(1854,'2024-05-04'),
(1855,'2024-05-05'),
(1856,'2024-05-06'),
(1857,'2024-05-07'),
(1858,'2024-05-08'),
(1859,'2024-05-09'),
(1860,'2024-05-10'),
(1861,'2024-05-11'),
(1862,'2024-05-12'),
(1863,'2024-05-13'),
(1864,'2024-05-14'),
(1865,'2024-05-15'),
(1866,'2024-05-16'),
(1867,'2024-05-17'),
(1868,'2024-05-18'),
(1869,'2024-05-19'),
(1870,'2024-05-20'),
(1871,'2024-05-21'),
(1872,'2024-05-22'),
(1873,'2024-05-23'),
(1874,'2024-05-24'),
(1875,'2024-05-25'),
(1876,'2024-05-26'),
(1877,'2024-05-27'),
(1878,'2024-05-28'),
(1879,'2024-05-29'),
(1880,'2024-05-30'),
(1881,'2024-05-31'),
(1882,'2024-06-01'),
(1883,'2024-06-02'),
(1884,'2024-06-03'),
(1885,'2024-06-04'),
(1886,'2024-06-05'),
(1887,'2024-06-06'),
(1888,'2024-06-07'),
(1889,'2024-06-08'),
(1890,'2024-06-09'),
(1891,'2024-06-10'),
(1892,'2024-06-11'),
(1893,'2024-06-12'),
(1894,'2024-06-13'),
(1895,'2024-06-14'),
(1896,'2024-06-15'),
(1897,'2024-06-16'),
(1898,'2024-06-17'),
(1899,'2024-06-18'),
(1900,'2024-06-19'),
(1901,'2024-06-20'),
(1902,'2024-06-21'),
(1903,'2024-06-22'),
(1904,'2024-06-23'),
(1905,'2024-06-24'),
(1906,'2024-06-25'),
(1907,'2024-06-26'),
(1908,'2024-06-27'),
(1909,'2024-06-28'),
(1910,'2024-06-29'),
(1911,'2024-06-30'),
(1912,'2024-07-01'),
(1913,'2024-07-02'),
(1914,'2024-07-03'),
(1915,'2024-07-04'),
(1916,'2024-07-05'),
(1917,'2024-07-06'),
(1918,'2024-07-07'),
(1919,'2024-07-08'),
(1920,'2024-07-09'),
(1921,'2024-07-10'),
(1922,'2024-07-11'),
(1923,'2024-07-12'),
(1924,'2024-07-13'),
(1925,'2024-07-14'),
(1926,'2024-07-15'),
(1927,'2024-07-16'),
(1928,'2024-07-17'),
(1929,'2024-07-18'),
(1930,'2024-07-19'),
(1931,'2024-07-20'),
(1932,'2024-07-21'),
(1933,'2024-07-22'),
(1934,'2024-07-23'),
(1935,'2024-07-24'),
(1936,'2024-07-25'),
(1937,'2024-07-26'),
(1938,'2024-07-27'),
(1939,'2024-07-28'),
(1940,'2024-07-29'),
(1941,'2024-07-30'),
(1942,'2024-07-31'),
(1943,'2024-08-01'),
(1944,'2024-08-02'),
(1945,'2024-08-03'),
(1946,'2024-08-04'),
(1947,'2024-08-05'),
(1948,'2024-08-06'),
(1949,'2024-08-07'),
(1950,'2024-08-08'),
(1951,'2024-08-09'),
(1952,'2024-08-10'),
(1953,'2024-08-11'),
(1954,'2024-08-12'),
(1955,'2024-08-13'),
(1956,'2024-08-14'),
(1957,'2024-08-15'),
(1958,'2024-08-16'),
(1959,'2024-08-17'),
(1960,'2024-08-18'),
(1961,'2024-08-19'),
(1962,'2024-08-20'),
(1963,'2024-08-21'),
(1964,'2024-08-22'),
(1965,'2024-08-23'),
(1966,'2024-08-24'),
(1967,'2024-08-25'),
(1968,'2024-08-26'),
(1969,'2024-08-27'),
(1970,'2024-08-28'),
(1971,'2024-08-29'),
(1972,'2024-08-30'),
(1973,'2024-08-31'),
(1974,'2024-09-01'),
(1975,'2024-09-02'),
(1976,'2024-09-03'),
(1977,'2024-09-04'),
(1978,'2024-09-05'),
(1979,'2024-09-06'),
(1980,'2024-09-07'),
(1981,'2024-09-08'),
(1982,'2024-09-09'),
(1983,'2024-09-10'),
(1984,'2024-09-11'),
(1985,'2024-09-12'),
(1986,'2024-09-13'),
(1987,'2024-09-14'),
(1988,'2024-09-15'),
(1989,'2024-09-16'),
(1990,'2024-09-17'),
(1991,'2024-09-18'),
(1992,'2024-09-19'),
(1993,'2024-09-20'),
(1994,'2024-09-21'),
(1995,'2024-09-22'),
(1996,'2024-09-23'),
(1997,'2024-09-24'),
(1998,'2024-09-25'),
(1999,'2024-09-26'),
(2000,'2024-09-27');

/*!40101 SET SQL_MODE=@OLD_SQL_MODE */;
/*!40014 SET FOREIGN_KEY_CHECKS=@OLD_FOREIGN_KEY_CHECKS */;
/*!40014 SET UNIQUE_CHECKS=@OLD_UNIQUE_CHECKS */;
/*!40111 SET SQL_NOTES=@OLD_SQL_NOTES */;
